Local Time (Timezone : GMT+8h),Chilled Water Rate (L/sec),Cooling Water Temperature (C),Building Load (RT),Chiller Energy Consumption (kWh),Outside Temperature (F),Dew Point (F),Humidity (%),Wind Speed (mph),Pressure (in),Hour,Month,DayOfWeek,Season,IntervalHours,Power_kW,Load_kW,COP
2019-08-18 00:00:00,85.6,31.4,479.6,116.2,82,75,79,13,29.83,0,8,6,2,,232.4,1686.6826232124008,7.257670495750434
2019-08-18 00:30:00,84.3,31.1,460.3,114.5,82,75,79,12,29.83,0,8,6,2,0.5,229.0,1618.807363354187,7.069027787572868
2019-08-18 01:00:00,84.6,31.3,462.4,116.8,82,75,79,12,29.83,1,8,6,2,0.5,233.6,1626.1927543232152,6.961441585287736
2019-08-18 01:30:00,84.8,31.4,458.5,117.0,82,75,79,12,29.83,1,8,6,2,0.5,234.0,1612.4770282378768,6.890927471102038
2019-08-18 02:00:00,84.7,31.4,455.4,117.0,82,75,79,12,29.83,2,8,6,2,0.5,234.0,1601.5747844264538,6.844336685583136
2019-08-18 02:30:00,84.4,31.4,454.3,116.7,82,77,84,12,29.83,2,8,6,2,0.5,233.4,1597.70624629982,6.845356667951242
2019-08-18 03:00:00,86.4,31.5,466.1,119.0,82,75,79,12,29.83,3,8,6,2,0.5,238.0,1639.205109840075,6.887416427899475
2019-08-18 03:30:00,89.1,31.8,477.4,122.6,82,77,84,9,29.83,3,8,6,2,0.5,245.2,1678.9455469591328,6.847249375852908
2019-08-18 04:00:00,89.1,31.8,473.3,122.2,82,77,84,10,29.8,4,8,6,2,0.5,244.4,1664.5264503053154,6.810664690283614
2019-08-18 04:30:00,89.3,31.9,478.8,123.3,82,77,84,12,29.8,4,8,6,2,0.5,246.6,1683.869140938485,6.828342015160118
2019-08-18 05:00:00,87.5,31.9,471.9,121.8,82,77,84,12,29.8,5,8,6,2,0.5,243.6,1659.602856325963,6.8128196072494385
2019-08-18 05:30:00,84.7,31.6,456.1,117.4,82,77,84,10,29.83,5,8,6,2,0.5,234.8,1604.03658141613,6.831501624429855
2019-08-18 06:00:00,84.5,31.6,458.2,117.6,82,77,84,10,29.83,6,8,6,2,0.5,235.2,1611.4219723851584,6.851283896195402
2019-08-18 06:30:00,84.4,31.5,460.1,117.8,82,75,79,10,29.83,6,8,6,2,0.5,235.6,1618.1039927857082,6.868013551722021
2019-08-18 07:00:00,88.4,31.8,487.6,121.9,82,75,79,10,29.86,7,8,6,2,0.5,243.8,1714.8174459515567,7.033705684788994
2019-08-18 07:30:00,96.2,32.6,551.9,130.1,82,77,84,10,29.86,7,8,6,2,0.5,260.2,1940.9510837175228,7.459458430889788
2019-08-18 08:00:00,98.0,32.8,569.2,129.5,84,77,79,13,29.86,8,8,6,2,0.5,259.0,2001.7926378909478,7.7289291038260535
2019-08-18 08:30:00,95.2,32.6,559.3,124.8,86,77,74,12,29.89,8,8,6,2,0.5,249.6,1966.975794751242,7.880511998202091
2019-08-18 09:00:00,95.8,32.7,561.9,125.7,86,77,74,12,29.89,9,8,6,2,0.5,251.4,1976.1196121414678,7.860459873275528
2019-08-18 09:30:00,97.6,32.8,576.0,129.9,88,77,70,10,29.89,9,8,6,2,0.5,259.8,2025.7072372192301,7.797179512006275
2019-08-18 10:00:00,96.8,33.0,575.8,130.3,88,77,70,10,29.89,10,8,6,2,0.5,260.6,2025.0038666507512,7.7705443846920605
2019-08-18 10:30:00,99.2,33.4,596.7,136.8,88,77,70,12,29.89,10,8,6,2,0.5,273.6,2098.5060910567963,7.669978402985366
2019-08-18 11:00:00,102.8,33.7,611.8,143.4,90,75,62,10,29.86,11,8,6,2,0.5,286.8,2151.610568976953,7.50212890159328
2019-08-18 11:30:00,102.6,33.4,602.6,139.2,91,72,52,14,29.86,11,8,6,2,0.5,278.4,2119.255522826924,7.612268400958779
2019-08-18 12:00:00,102.1,33.3,595.9,137.7,90,72,55,12,29.86,12,8,6,2,0.5,275.4,2095.6926087828806,7.609631840170228
2019-08-18 12:30:00,100.7,32.9,582.2,132.0,90,72,55,12,29.86,12,8,6,2,0.5,264.0,2047.5117248420763,7.75572623046241
2019-08-18 13:00:00,100.2,32.8,578.8,130.5,91,72,52,10,29.83,13,8,6,2,0.5,261.0,2035.5544251779347,7.7990591002986
2019-08-18 13:30:00,100.5,33.0,582.9,133.9,90,70,52,13,29.83,13,8,6,2,0.5,267.8,2049.9735218317524,7.654867519909456
2019-08-18 14:00:00,100.0,32.9,581.2,130.5,91,70,49,14,29.8,14,8,6,2,0.5,261.0,2043.9948719996817,7.831397977010274
2019-08-18 14:30:00,100.4,33.2,586.6,134.6,91,68,46,14,29.8,14,8,6,2,0.5,269.2,2062.985877348612,7.663394789556509
2019-08-18 15:00:00,100.4,33.2,590.4,134.7,91,59,34,17,29.8,15,8,6,2,0.5,269.4,2076.349918149711,7.707312242575022
2019-08-18 15:30:00,99.0,32.3,564.2,125.1,91,63,38,15,29.8,15,8,6,2,0.5,250.2,1984.2083736789752,7.930489103433155
2019-08-18 19:00:00,93.2,31.5,518.7,114.9,84,72,66,12,29.8,19,8,6,2,0.5,229.8,1824.1915693500257,7.938170449739014
2019-08-18 19:30:00,90.4,31.0,496.9,116.2,84,73,70,12,29.8,19,8,6,2,0.5,232.4,1747.5241773858254,7.519467200455359
2019-08-18 20:00:00,90.2,31.1,503.7,111.3,84,73,70,12,29.83,20,8,6,2,0.5,222.6,1771.4387767141081,7.957945987035527
2019-08-18 20:30:00,90.1,31.0,502.6,111.0,84,73,70,10,29.83,20,8,6,2,0.5,222.0,1767.5702385874743,7.962028101745379
2019-08-18 21:30:00,88.6,30.3,476.0,110.2,82,73,74,9,29.86,21,8,6,2,0.5,220.4,1674.0219529797805,7.5953809118864815
2019-08-18 22:00:00,91.7,31.0,504.4,116.1,82,73,74,9,29.86,22,8,6,2,0.5,232.2,1773.9005737037842,7.639537354452129
2019-08-19 00:00:00,89.3,30.9,481.5,110.0,82,73,74,9,29.89,0,8,0,2,0.5,220.0,1693.3646436129502,7.697112016422501
2019-08-19 00:30:00,82.2,30.1,429.2,104.5,82,73,74,8,29.86,0,8,0,2,0.5,209.0,1509.4332399557181,7.222168612228317
2019-08-19 01:00:00,83.0,30.4,435.5,106.9,82,75,79,8,29.86,1,8,0,2,0.5,213.8,1531.5894128628033,7.163654877749313
2019-08-19 01:30:00,82.9,30.5,434.0,108.0,82,73,74,9,29.86,1,8,0,2,0.5,216.0,1526.3141335992116,7.0662691370333865
2019-08-19 02:00:00,82.7,30.4,428.2,105.6,82,73,74,7,29.86,2,8,0,2,0.5,211.2,1505.9163871133235,7.130285923832025
2019-08-19 02:30:00,82.4,30.1,423.9,103.7,82,73,74,8,29.86,2,8,0,2,0.5,207.4,1490.7939198910271,7.188013114228674
2019-08-19 03:00:00,84.5,30.1,434.9,104.1,81,73,79,8,29.86,3,8,0,2,0.5,208.2,1529.4793011573665,7.3462022149729425
2019-08-19 03:30:00,87.0,30.3,445.7,108.1,81,73,79,7,29.83,3,8,0,2,0.5,216.2,1567.4613118552272,7.25005232125452
2019-08-19 04:00:00,86.8,30.3,439.3,107.5,81,75,84,6,29.83,4,8,0,2,0.5,215.0,1544.9534536639026,7.185830017041408
2019-08-19 04:30:00,87.0,30.3,442.1,107.7,81,75,84,6,29.83,4,8,0,2,0.5,215.4,1554.8006416226071,7.218201678842187
2019-08-19 05:00:00,87.3,30.4,446.0,108.7,82,75,79,6,29.83,5,8,0,2,0.5,217.4,1568.5163677079456,7.21488669598871
2019-08-19 05:30:00,88.9,30.8,471.9,114.7,82,75,79,7,29.86,5,8,0,2,0.5,229.4,1659.602856325963,7.234537298718235
2019-08-19 06:00:00,88.6,30.9,466.7,114.5,82,75,79,7,29.86,6,8,0,2,0.5,229.0,1641.3152215455116,7.1673153779279986
2019-08-19 06:30:00,92.7,31.4,514.0,120.0,82,75,79,7,29.86,6,8,0,2,0.5,240.0,1807.6623609907715,7.531926504128214
2019-08-19 07:00:00,102.1,32.2,581.9,129.8,82,75,79,8,29.86,7,8,0,2,0.5,259.6,2046.4566689893577,7.8831150577402065
2019-08-19 07:30:00,125.7,30.5,756.9,208.8,82,75,79,7,29.86,7,8,0,2,0.5,417.6,2661.9059164083947,6.374295776840025
2019-08-19 08:00:00,118.9,29.8,679.8,178.7,82,73,74,9,29.86,8,8,0,2,0.5,357.4,2390.756562259779,6.689302076832062
2019-08-19 08:30:00,114.3,29.8,669.0,174.4,84,75,74,8,29.89,8,8,0,2,0.5,348.8,2352.7745515619185,6.7453398840651335
2019-08-19 09:00:00,112.9,29.8,661.4,173.8,84,75,74,8,29.89,9,8,0,2,0.5,347.6,2326.04646995972,6.691733227732221
2019-08-19 09:30:00,114.6,30.0,658.9,172.5,84,75,74,9,29.89,9,8,0,2,0.5,345.0,2317.254337853734,6.7166792401557505
2019-08-19 10:00:00,117.5,30.3,665.3,172.9,86,73,66,10,29.89,10,8,0,2,0.5,345.8,2339.7621960450588,6.766229601055693
2019-08-19 10:30:00,119.1,30.5,687.6,179.1,86,72,62,10,29.89,10,8,0,2,0.5,358.2,2418.188014430456,6.750943647209537
2019-08-19 11:00:00,119.7,30.5,683.9,177.5,88,72,58,10,29.89,11,8,0,2,0.5,355.0,2405.175658913596,6.77514270116506
2019-08-19 11:30:00,120.2,30.2,674.5,173.9,90,72,55,9,29.86,11,8,0,2,0.5,347.8,2372.1172421950882,6.820348597455688
2019-08-19 12:00:00,120.1,30.2,671.7,174.0,90,72,55,6,29.86,12,8,0,2,0.5,348.0,2362.2700542363837,6.7881323397597235
2019-08-19 12:30:00,119.3,30.1,663.8,171.9,90,72,55,7,29.83,12,8,0,2,0.5,343.8,2334.486916781467,6.790246994710491
2019-08-19 13:00:00,119.6,30.2,665.9,173.8,90,72,55,7,29.83,13,8,0,2,0.5,347.6,2341.8723077504956,6.737262105151022
2019-08-19 13:30:00,119.3,30.0,663.8,170.9,90,70,52,6,29.8,13,8,0,2,0.5,341.8,2334.486916781467,6.829979276715818
2019-08-19 14:00:00,116.4,29.7,634.8,163.8,90,70,52,9,29.8,14,8,0,2,0.5,327.6,2232.4981843520263,6.814707522442083
2019-08-19 15:00:00,123.4,30.6,741.0,189.2,90,72,55,7,29.77,15,8,0,2,0.5,378.4,2605.9879562143224,6.886860349403601
2019-08-19 15:30:00,120.3,30.1,673.9,173.7,90,72,55,9,29.77,15,8,0,2,0.5,347.4,2370.0071304896514,6.822127606475681
2019-08-19 16:00:00,119.6,29.7,650.0,165.9,91,70,49,9,29.77,16,8,0,2,0.5,331.8,2285.954347556423,6.889554995649255
2019-08-19 16:30:00,118.9,29.7,657.8,167.5,91,68,46,7,29.77,16,8,0,2,0.5,335.0,2313.3857997270998,6.905629252916715
2019-08-19 17:00:00,118.0,29.8,646.9,167.7,90,68,49,7,29.77,17,8,0,2,0.5,335.4,2275.052103745,6.783101084511031
2019-08-19 17:30:00,116.6,29.5,646.7,163.8,90,68,49,9,29.77,17,8,0,2,0.5,327.6,2274.3487331765214,6.942456450477781
2019-08-19 18:30:00,116.9,29.8,692.8,178.1,88,70,55,7,29.77,18,8,0,2,0.5,356.2,2436.4756492109072,6.840189919177169
2019-08-19 19:00:00,107.8,29.3,624.6,159.2,86,73,66,12,29.8,19,8,0,2,0.5,318.4,2196.6262853596027,6.8989519012550335
2019-08-19 22:00:00,94.3,31.9,542.6,119.4,84,77,79,7,29.83,22,8,0,2,0.5,238.8,1908.244352283254,7.990972999511114
2019-08-20 00:00:00,90.7,31.9,507.7,116.0,82,77,84,9,29.83,0,8,1,2,0.5,232.0,1785.506188083686,7.696147362429682
2019-08-20 00:30:00,87.1,31.8,483.5,115.3,82,77,84,10,29.83,0,8,1,2,0.5,230.6,1700.3983492977393,7.373800300510578
2019-08-20 01:00:00,87.2,31.9,485.3,114.0,82,77,84,10,29.8,1,8,1,2,0.5,228.0,1706.7286844140494,7.485652124623024
2019-08-20 01:30:00,87.0,31.9,483.1,114.1,82,77,84,10,29.8,1,8,1,2,0.5,228.2,1698.9916081607817,7.445186714113855
2019-08-20 02:00:00,86.9,31.6,480.8,112.0,82,77,84,9,29.8,2,8,1,2,0.5,224.0,1690.9028466232742,7.548673422425331
2019-08-20 02:30:00,86.4,31.4,470.1,110.0,82,77,84,12,29.8,2,8,1,2,0.5,220.0,1653.2725212096532,7.514875096407515
2019-08-20 03:00:00,87.6,31.0,468.0,107.4,82,77,84,13,29.8,3,8,1,2,0.5,214.8,1645.8871302406246,7.662416807451697
2019-08-20 03:30:00,89.4,30.9,472.5,106.1,82,77,84,9,29.8,3,8,1,2,0.5,212.2,1661.7129680314,7.830881093456173
2019-08-20 04:00:00,89.6,31.0,469.0,107.4,82,77,84,10,29.8,4,8,1,2,0.5,214.8,1649.403983083019,7.678789492937705
2019-08-20 04:30:00,89.5,31.2,474.0,108.2,82,77,84,10,29.8,4,8,1,2,0.5,216.4,1666.9882472949914,7.703272861806799
2019-08-20 05:00:00,90.1,31.4,477.0,110.5,81,77,89,12,29.8,5,8,1,2,0.5,221.0,1677.538805822175,7.590673329512104
2019-08-20 05:30:00,91.7,31.8,507.0,113.8,82,77,84,10,29.8,5,8,1,2,0.5,227.6,1783.0443910940098,7.834114196370869
2019-08-20 06:00:00,91.4,31.8,499.8,113.6,82,77,84,9,29.8,6,8,1,2,0.5,227.2,1757.7230506287697,7.736457089035079
2019-08-20 06:30:00,91.8,31.7,500.1,112.7,82,77,84,8,29.8,6,8,1,2,0.5,225.4,1758.778106481488,7.802919727069601
2019-08-20 07:00:00,95.1,31.8,538.6,121.8,82,77,84,9,29.8,7,8,1,2,0.5,243.6,1894.1769409136762,7.775767409333646
2019-08-20 07:30:00,127.8,31.4,800.3,217.4,82,77,84,9,29.83,7,8,1,2,0.5,434.8,2814.537329768316,6.473176931389871
2019-08-20 08:00:00,119.8,30.9,713.7,195.2,82,77,84,10,29.83,8,8,1,2,0.5,390.4,2509.977873616953,6.429246602502441
2019-08-20 08:30:00,116.4,31.0,710.7,194.8,84,77,79,10,29.83,8,8,1,2,0.5,389.6,2499.4273150897693,6.415367851873124
2019-08-20 09:00:00,116.4,31.2,717.1,197.5,84,77,79,9,29.86,9,8,1,2,0.5,395.0,2521.9351732810937,6.384646008306566
2019-08-20 09:30:00,116.2,31.2,718.7,197.4,84,75,74,12,29.83,9,8,1,2,0.5,394.8,2527.562137828925,6.40213307454135
2019-08-20 10:00:00,116.9,31.2,720.2,198.6,86,77,74,10,29.83,10,8,1,2,0.5,397.2,2532.8374170925167,6.376730657332621
2019-08-20 10:30:00,118.0,31.5,732.7,204.7,86,75,70,12,29.83,10,8,1,2,0.5,409.4,2576.798077622448,6.294084215003537
2019-08-20 11:00:00,117.9,31.4,724.2,201.3,88,75,66,12,29.83,11,8,1,2,0.5,402.6,2546.904828462095,6.326142147198447
2019-08-20 11:30:00,117.7,31.4,725.0,201.8,88,75,66,15,29.83,11,8,1,2,0.5,403.6,2549.71831073601,6.317438827393484
2019-08-20 12:00:00,117.0,31.4,717.2,200.8,90,73,59,15,29.8,12,8,1,2,0.5,401.6,2522.286858565333,6.280594767343957
2019-08-20 12:30:00,115.9,31.3,708.8,197.5,90,73,59,15,29.8,12,8,1,2,0.5,395.0,2492.7452946892195,6.310747581491695
2019-08-20 13:00:00,115.5,31.1,702.5,194.3,91,73,55,14,29.77,13,8,1,2,0.5,388.6,2470.589121782134,6.357666293829475
2019-08-20 13:30:00,115.7,31.0,701.9,193.6,91,73,55,14,29.77,13,8,1,2,0.5,387.2,2468.4790100766973,6.375204054950148
2019-08-20 14:00:00,116.5,31.3,713.8,198.7,90,72,55,14,29.77,14,8,1,2,0.5,397.4,2510.329558901192,6.316883640918953
2019-08-20 14:30:00,116.5,31.2,715.3,197.2,90,70,52,16,29.77,14,8,1,2,0.5,394.4,2515.6048381647834,6.378308413196713
2019-08-20 15:00:00,116.9,31.3,718.2,199.5,91,70,49,16,29.74,15,8,1,2,0.5,399.0,2525.803711407728,6.330335116310095
2019-08-20 15:30:00,117.1,31.6,719.1,202.1,90,70,52,16,29.74,15,8,1,2,0.5,404.2,2528.9688789658826,6.256726568446023
2019-08-20 16:00:00,117.7,31.7,728.7,205.6,91,72,52,17,29.71,16,8,1,2,0.5,411.2,2562.73066625287,6.232321659175268
2019-08-20 16:30:00,118.4,31.5,724.0,202.6,90,72,55,16,29.74,16,8,1,2,0.5,405.2,2546.201457893616,6.283814061928964
2019-08-20 17:00:00,117.6,31.3,716.6,199.0,88,72,58,15,29.74,17,8,1,2,0.5,398.0,2520.1767468598964,6.332102379044966
2019-08-20 17:30:00,115.9,30.9,702.1,191.6,88,70,55,15,29.74,17,8,1,2,0.5,383.2,2469.182380645176,6.443586588322485
2019-08-20 18:00:00,115.3,31.2,709.7,195.6,86,73,66,15,29.74,18,8,1,2,0.5,391.2,2495.9104622473747,6.38013921842376
2019-08-20 18:30:00,113.8,30.9,693.6,190.9,86,73,66,15,29.74,18,8,1,2,0.5,381.8,2439.289131484823,6.388918626204355
2019-08-20 19:00:00,103.9,30.3,619.6,166.7,86,73,66,13,29.77,19,8,1,2,0.5,333.4,2179.0420211476303,6.535818899662959
2019-08-20 20:00:00,95.6,32.3,555.6,124.0,84,75,74,14,29.77,20,8,1,2,0.5,248.0,1953.9634392343826,7.87888483562251
2019-08-20 20:30:00,92.8,32.1,539.5,120.5,84,73,70,13,29.77,20,8,1,2,0.5,241.0,1897.3421084718311,7.872788831833324
2019-08-20 21:00:00,93.1,32.2,544.7,120.0,84,73,70,14,29.77,21,8,1,2,0.5,240.0,1915.6297432522827,7.981790596884511
2019-08-20 21:30:00,91.3,32.0,522.1,118.9,84,75,74,13,29.8,21,8,1,2,0.5,237.8,1836.1488690141668,7.721399785593636
2019-08-20 22:00:00,92.2,31.8,524.9,117.6,84,75,74,12,29.8,22,8,1,2,0.5,235.2,1845.9960569728714,7.8486226912111885
2019-08-20 22:30:00,94.0,31.8,522.3,117.4,84,75,74,14,29.8,22,8,1,2,0.5,234.8,1836.8522395826456,7.823050424116889
2019-08-20 23:00:00,93.9,31.8,519.0,117.3,82,75,79,13,29.8,23,8,1,2,0.5,234.6,1825.2466252027439,7.780249894299846
2019-08-20 23:30:00,93.8,31.8,515.3,117.1,82,75,79,10,29.8,23,8,1,2,0.5,234.2,1812.234269685884,7.737977240332554
2019-08-21 00:00:00,90.3,31.5,487.9,116.1,82,75,79,13,29.8,0,8,2,2,0.5,232.2,1715.8725018042749,7.389631790716085
2019-08-21 00:30:00,84.6,30.9,452.7,113.0,82,75,79,14,29.8,0,8,2,2,0.5,226.0,1592.0792817519887,7.044598591822958
2019-08-21 01:00:00,84.8,31.0,455.7,114.0,82,75,79,14,29.8,1,8,2,2,0.5,228.0,1602.6298402791722,7.029078246838474
2019-08-21 01:30:00,84.3,30.9,450.7,111.8,82,75,79,13,29.77,1,8,2,2,0.5,223.6,1585.0455760671998,7.088754812465115
2019-08-21 02:00:00,84.5,30.9,449.1,112.5,82,75,79,10,29.77,2,8,2,2,0.5,225.0,1579.4186115193686,7.019638273419416
2019-08-21 02:30:00,84.4,30.8,449.8,111.2,82,75,79,12,29.77,2,8,2,2,0.5,222.4,1581.8804085090449,7.1127716209939065
2019-08-21 03:00:00,86.2,30.8,453.9,112.5,82,75,79,10,29.77,3,8,2,2,0.5,225.0,1596.299505162862,7.094664467390498
2019-08-21 03:30:00,89.0,31.1,466.9,115.7,82,75,79,12,29.77,3,8,2,2,0.5,231.4,1642.0185921139905,7.09601811630938
2019-08-21 04:00:00,88.6,31.0,460.0,114.4,82,75,79,10,29.77,4,8,2,2,0.5,228.8,1617.7523075014685,7.070595749569355
2019-08-21 04:30:00,89.0,31.1,462.1,115.4,82,75,79,12,29.77,4,8,2,2,0.5,230.8,1625.137698470497,7.041324516769918
2019-08-21 05:00:00,89.1,31.1,463.1,115.2,82,75,79,9,29.77,5,8,2,2,0.5,230.4,1628.6545513128915,7.068813156739981
2019-08-21 05:30:00,90.1,31.2,484.5,119.0,82,75,79,9,29.77,5,8,2,2,0.5,238.0,1703.9152021401337,7.159307572017369
2019-08-21 06:00:00,90.2,31.2,481.7,118.8,82,75,79,9,29.8,6,8,2,2,0.5,237.6,1694.0680141814291,7.129915884601974
2019-08-21 06:30:00,90.1,31.2,482.8,118.7,82,75,79,10,29.8,6,8,2,2,0.5,237.4,1697.9365523080633,7.152217996242895
2019-08-21 07:00:00,92.2,31.6,519.4,123.4,82,75,79,10,29.8,7,8,2,2,0.5,246.8,1826.6533663397015,7.401350755023102
2019-08-21 07:30:00,122.6,31.0,760.3,212.5,84,75,74,10,29.8,7,8,2,2,0.5,425.0,2673.863216072536,6.291442861347144
2019-08-21 08:00:00,118.8,30.6,703.3,190.9,84,75,74,8,29.83,8,8,2,2,0.5,381.8,2473.4026040560493,6.478267690036797
2019-08-21 08:30:00,115.4,30.8,699.9,192.0,84,75,74,9,29.83,8,8,2,2,0.5,384.0,2461.4453043919084,6.410013813520595
2019-08-21 09:00:00,114.5,30.6,690.4,186.6,86,77,74,8,29.83,9,8,2,2,0.5,373.2,2428.0352023891605,6.5059892882882115
2019-08-21 09:30:00,114.2,30.7,691.6,188.4,86,75,70,8,29.83,9,8,2,2,0.5,376.8,2432.255425800034,6.455030323248498
2019-08-21 10:00:00,114.0,30.6,692.6,187.3,86,75,70,9,29.83,10,8,2,2,0.5,374.6,2435.772278642429,6.502328560177332
2019-08-21 10:30:00,115.0,31.0,703.3,192.8,88,77,70,10,29.83,10,8,2,2,0.5,385.6,2473.4026040560493,6.414425840394318
2019-08-21 11:00:00,115.6,31.2,709.0,197.0,88,75,66,10,29.83,11,8,2,2,0.5,394.0,2493.4486652576984,6.328549911821569
2019-08-21 11:30:00,116.3,31.4,719.5,200.4,88,75,66,10,29.83,11,8,2,2,0.5,400.8,2530.3756201028405,6.313312425406289
2019-08-21 12:00:00,117.3,31.7,725.5,205.4,88,75,66,10,29.8,12,8,2,2,0.5,410.8,2551.4767371572075,6.210994978474215
2019-08-21 12:30:00,116.6,31.4,715.8,200.2,86,72,62,17,29.8,12,8,2,2,0.5,400.4,2517.3632645859807,6.287121040424528
2019-08-21 13:00:00,115.0,31.4,702.5,197.4,86,73,66,8,29.8,13,8,2,2,0.5,394.8,2470.589121782134,6.257824523257685
2019-08-21 13:30:00,116.2,31.7,714.7,202.9,88,73,62,8,29.77,13,8,2,2,0.5,405.8,2513.494726459347,6.193924905025498
2019-08-21 14:00:00,116.7,31.7,724.3,203.6,90,73,59,8,29.77,14,8,2,2,0.5,407.2,2547.256513746334,6.255541536705143
2019-08-21 14:30:00,116.8,31.8,727.7,206.2,90,73,59,7,29.77,14,8,2,2,0.5,412.4,2559.2138134104757,6.205659101383307
2019-08-21 15:00:00,117.8,31.8,732.0,207.7,90,73,59,9,29.74,15,8,2,2,0.5,415.4,2574.336280632772,6.197246703497284
2019-08-21 15:30:00,117.4,31.2,716.5,197.8,90,73,59,10,29.74,15,8,2,2,0.5,395.6,2519.825061575657,6.369628568189223
2019-08-21 16:00:00,118.2,31.5,728.8,203.3,90,73,59,12,29.74,16,8,2,2,0.5,406.6,2563.0823515371094,6.303694912781872
2019-08-21 16:30:00,119.2,31.7,741.8,208.3,90,73,59,9,29.74,16,8,2,2,0.5,416.6,2608.8014384882376,6.26212539243456
2019-08-21 17:00:00,119.4,31.7,743.1,208.6,90,75,62,12,29.74,17,8,2,2,0.5,417.2,2613.3733471833507,6.264078013382911
2019-08-21 17:30:00,117.2,31.0,704.4,193.3,88,75,66,13,29.74,17,8,2,2,0.5,386.6,2477.2711421826834,6.407840512629806
2019-08-21 18:00:00,115.2,30.6,682.6,185.9,88,77,70,13,29.74,18,8,2,2,0.5,371.8,2400.6037502184836,6.456707235660257
2019-08-21 18:30:00,113.1,30.3,667.4,180.8,86,75,70,14,29.77,18,8,2,2,0.5,361.6,2347.147587014087,6.491005495061081
2019-08-21 19:00:00,101.2,29.7,593.1,150.8,86,75,70,10,29.77,19,8,2,2,0.5,301.6,2085.845420824176,6.915933092918355
2019-08-21 21:00:00,93.9,32.4,556.2,124.6,84,77,79,8,29.83,21,8,2,2,0.5,249.2,1956.0735509398194,7.849412323193497
2019-08-21 21:30:00,92.6,32.5,549.3,124.4,84,77,79,6,29.83,21,8,2,2,0.5,248.8,1931.807266327297,7.764498658871772
2019-08-21 22:00:00,95.1,32.6,560.2,127.0,84,77,79,8,29.83,22,8,2,2,0.5,254.0,1970.1409623093973,7.75646048153306
2019-08-21 22:30:00,97.3,32.7,561.1,127.9,84,77,79,10,29.83,22,8,2,2,0.5,255.8,1973.3061298675523,7.714253830600282
2019-08-21 23:00:00,96.5,32.7,555.6,126.6,84,77,79,9,29.83,23,8,2,2,0.5,253.2,1953.9634392343826,7.717075194448589
2019-08-21 23:30:00,96.5,32.7,558.5,127.5,82,77,84,12,29.83,23,8,2,2,0.5,255.0,1964.1623124773266,7.702597303832653
2019-08-22 00:00:00,92.3,32.0,525.2,118.9,82,77,84,9,29.83,0,8,3,2,0.5,237.8,1847.0511128255898,7.7672460589806125
2019-08-22 00:30:00,85.8,31.3,478.5,111.1,82,77,84,10,29.83,0,8,3,2,0.5,222.2,1682.8140850857667,7.573420724958447
2019-08-22 01:00:00,86.1,31.3,478.6,109.5,82,77,84,10,29.8,1,8,3,2,0.5,219.0,1683.1657703700064,7.6856884491781114
2019-08-22 01:30:00,86.2,31.4,477.3,110.5,82,77,84,10,29.8,1,8,3,2,0.5,221.0,1678.5938616748933,7.595447337895445
2019-08-22 02:00:00,86.2,31.6,481.3,111.0,82,77,84,9,29.8,2,8,3,2,0.5,222.0,1692.6612730444715,7.624600329029151
2019-08-22 02:30:00,86.3,31.5,481.9,111.0,82,77,84,12,29.8,2,8,3,2,0.5,222.0,1694.771384749908,7.634105336711298
2019-08-22 03:00:00,87.3,31.4,481.8,110.4,82,77,84,13,29.8,3,8,3,2,0.5,220.8,1694.4196994656686,7.674002262072774
2019-08-22 03:30:00,90.8,31.7,502.6,111.5,82,77,84,9,29.8,3,8,3,2,0.5,223.0,1767.5702385874743,7.926323939854145
2019-08-22 04:00:00,90.9,31.6,496.5,111.1,82,77,84,10,29.8,4,8,3,2,0.5,222.2,1746.1174362488678,7.85831429454936
2019-08-22 04:30:00,90.2,31.4,490.0,110.9,82,77,84,10,29.8,4,8,3,2,0.5,221.8,1723.2578927733034,7.769422420078013
2019-08-22 05:00:00,90.4,31.4,490.2,111.0,81,77,89,12,29.8,5,8,3,2,0.5,222.0,1723.9612633417823,7.765591276314335
2019-08-22 07:30:00,124.7,31.3,781.7,207.5,82,77,84,9,29.83,7,8,3,2,0.5,415.0,2749.1238668997785,6.624394859999466
2019-08-22 08:00:00,118.9,31.0,721.6,195.4,82,77,84,10,29.83,8,8,3,2,0.5,390.8,2537.7610110718692,6.49375898431901
2019-08-22 08:30:00,115.1,31.0,707.4,191.9,84,77,79,10,29.83,8,8,3,2,0.5,383.8,2487.821700709867,6.482078428113254
2019-08-22 09:00:00,114.7,31.1,711.7,193.8,84,77,79,9,29.86,9,8,3,2,0.5,387.6,2502.9441679321635,6.457544292910638
2019-08-22 09:30:00,116.0,31.4,727.7,198.0,84,75,74,12,29.83,9,8,3,2,0.5,396.0,2559.2138134104757,6.462661144975949
2019-08-22 10:00:00,118.0,31.8,747.5,207.1,86,77,74,10,29.83,10,8,3,2,0.5,414.2,2628.8474996898863,6.346807097271575
2019-08-22 10:30:00,117.1,31.8,746.6,207.6,86,75,70,12,29.83,10,8,3,2,0.5,415.2,2625.6823321317315,6.323897717080278
2019-08-22 11:00:00,117.1,32.0,749.2,209.3,88,75,66,12,29.83,11,8,3,2,0.5,418.6,2634.826149521957,6.294376850267456
2019-08-22 11:30:00,116.2,31.7,730.1,202.5,88,75,66,15,29.83,11,8,3,2,0.5,405.0,2567.6542602322224,6.339887062301784
2019-08-22 12:00:00,115.5,31.6,722.4,200.8,90,73,59,15,29.8,12,8,3,2,0.5,401.6,2540.5744933457845,6.326131706538308
2019-08-22 12:30:00,115.8,32.0,738.1,207.1,90,73,59,15,29.8,12,8,3,2,0.5,414.2,2595.7890829713783,6.266994406014916
2019-08-22 13:00:00,116.3,32.0,734.5,207.1,91,73,55,14,29.77,13,8,3,2,0.5,414.2,2583.128412738758,6.236427843405983
2019-08-22 13:30:00,115.1,31.8,717.8,202.0,91,73,55,14,29.77,13,8,3,2,0.5,404.0,2524.3969702707695,6.24850735215537
2019-08-22 14:00:00,115.2,31.8,724.7,204.2,90,72,55,14,29.77,14,8,3,2,0.5,408.4,2548.663254883292,6.2406054233185415
2019-08-22 14:30:00,116.4,32.0,735.5,206.5,90,70,52,16,29.77,14,8,3,2,0.5,413.0,2586.6452655811527,6.263063597048796
2019-08-22 15:00:00,117.5,32.2,741.9,210.2,91,70,49,16,29.74,15,8,3,2,0.5,420.4,2609.153123772477,6.2063585246728765
2019-08-22 15:30:00,117.8,32.2,748.3,211.5,90,70,52,16,29.74,15,8,3,2,0.5,423.0,2631.660981963802,6.22142076114374
2019-08-22 16:00:00,117.5,32.2,742.0,210.7,91,72,52,17,29.71,16,8,3,2,0.5,421.4,2609.5048090567166,6.192465137771041
2019-08-22 16:30:00,116.7,31.6,720.3,200.0,90,72,55,16,29.74,16,8,3,2,0.5,400.0,2533.189102376756,6.33297275594189
2019-08-22 17:00:00,116.2,31.2,718.9,195.4,88,72,58,15,29.74,17,8,3,2,0.5,390.8,2528.2655083974037,6.46946138279786
2019-08-22 17:30:00,116.2,31.3,726.9,198.7,88,70,55,15,29.74,17,8,3,2,0.5,397.4,2556.4003311365595,6.432814119618922
2019-08-22 18:00:00,113.3,30.7,692.6,186.6,86,73,66,15,29.74,18,8,3,2,0.5,373.2,2435.772278642429,6.526721003865029
2019-08-22 18:30:00,110.5,30.2,666.8,176.7,86,73,66,15,29.74,18,8,3,2,0.5,353.4,2345.0374753086503,6.635646506249718
2019-08-22 19:00:00,108.1,30.6,661.8,180.2,86,73,66,13,29.77,19,8,3,2,0.5,360.4,2327.453211096678,6.457972283842059
2019-08-22 19:30:00,83.3,32.6,571.8,128.4,84,75,74,14,29.77,19,8,3,2,0.5,256.8,2010.9364552811733,7.830749436453167
2019-08-22 20:00:00,95.3,32.8,560.5,129.1,84,75,74,14,29.77,20,8,3,2,0.5,258.2,1971.1960181621155,7.6343765227037785
2019-08-22 20:30:00,91.3,32.3,537.8,120.4,84,73,70,13,29.77,20,8,3,2,0.5,240.8,1891.3634586397602,7.854499412955814
2019-08-22 21:00:00,92.5,32.3,539.3,122.0,84,73,70,14,29.77,21,8,3,2,0.5,244.0,1896.638737903352,7.773109581571115
2019-08-22 21:30:00,91.6,32.5,537.1,120.7,84,75,74,13,29.8,21,8,3,2,0.5,241.4,1888.9016616500844,7.8247790457749975
2019-08-22 22:00:00,93.7,33.1,557.5,129.0,84,75,74,12,29.8,22,8,3,2,0.5,258.0,1960.645459634932,7.5994010063369455
2019-08-22 22:30:00,96.6,33.2,571.0,133.3,84,75,74,14,29.8,22,8,3,2,0.5,266.6,2008.1229730072578,7.532344234835925
2019-08-22 23:00:00,96.0,32.9,560.9,129.0,82,75,79,13,29.8,23,8,3,2,0.5,258.0,1972.6027592990733,7.645747129066176
2019-08-22 23:30:00,95.3,32.5,551.6,125.0,82,75,79,10,29.86,23,8,3,2,0.5,250.0,1939.8960278648046,7.759584111459218
2019-08-23 00:00:00,91.4,32.1,523.7,117.1,82,75,79,8,29.83,0,8,4,2,0.5,234.2,1841.7758335619983,7.864115429385134
2019-08-23 00:30:00,85.8,31.6,486.6,108.0,82,75,79,8,29.83,0,8,4,2,0.5,216.0,1711.3005931091623,7.922687931060937
2019-08-23 01:00:00,85.8,31.5,482.4,106.6,82,77,84,7,29.83,1,8,4,2,0.5,213.2,1696.5298111711052,7.957456900427323
2019-08-23 01:30:00,85.4,31.6,476.9,105.7,82,77,84,7,29.83,1,8,4,2,0.5,211.4,1677.1871205379355,7.933713909829401
2019-08-23 02:00:00,85.2,31.4,470.1,104.1,82,77,84,10,29.83,2,8,4,2,0.5,208.2,1653.2725212096532,7.940790207539161
2019-08-23 03:00:00,86.7,31.4,476.9,104.9,82,77,84,9,29.8,3,8,4,2,0.5,209.8,1677.1871205379355,7.9942188776832
2019-08-23 03:30:00,89.5,31.7,489.4,108.4,82,77,84,10,29.8,3,8,4,2,0.5,216.8,1721.1477810678666,7.938873528910824
2019-08-23 04:00:00,89.2,31.6,480.3,106.5,82,77,84,10,29.83,4,8,4,2,0.5,213.0,1689.1444202020768,7.930255493906464
2019-08-23 04:30:00,88.8,31.4,475.9,105.1,82,77,84,7,29.83,4,8,4,2,0.5,210.2,1673.670267695541,7.962275298266133
2019-08-23 05:30:00,91.0,31.8,506.1,111.9,82,77,84,9,29.83,5,8,4,2,0.5,223.8,1779.8792235358549,7.952990274959137
2019-08-23 06:00:00,90.3,31.7,500.4,110.9,82,77,84,9,29.83,6,8,4,2,0.5,221.8,1759.8331623342062,7.934324446953139
2019-08-23 08:00:00,118.7,31.3,727.2,198.0,84,75,74,12,29.86,8,8,4,2,1.0,396.0,2557.4553869892784,6.458220674215349
2019-08-23 08:30:00,116.4,31.2,720.2,196.3,84,75,74,8,29.89,8,8,4,2,0.5,392.6,2532.8374170925167,6.451445280419044
2019-08-23 09:00:00,115.0,31.3,716.4,195.8,84,77,79,12,29.89,9,8,4,2,0.5,391.6,2519.4733762914175,6.433793095739063
2019-08-23 09:30:00,115.1,31.4,719.2,198.0,86,77,74,14,29.89,9,8,4,2,0.5,396.0,2529.3205642501225,6.387173142045764
2019-08-23 10:00:00,115.1,31.4,719.1,197.8,86,75,70,10,29.86,10,8,4,2,0.5,395.6,2528.9688789658826,6.392742363412241
2019-08-23 10:30:00,115.9,31.4,724.2,199.0,86,77,74,12,29.86,10,8,4,2,0.5,398.0,2546.904828462095,6.399258362970087
2019-08-23 11:00:00,115.8,31.4,722.3,198.4,88,75,66,10,29.86,11,8,4,2,0.5,396.8,2540.222808061545,6.401771189671233
2019-08-23 11:30:00,116.1,31.5,722.8,199.1,88,75,66,10,29.86,11,8,4,2,0.5,398.2,2541.9812344827424,6.38367964460759
2019-08-23 12:00:00,116.2,31.6,723.8,201.4,90,75,62,12,29.83,12,8,4,2,0.5,402.8,2545.4980873251366,6.319508657708879
2019-08-23 12:30:00,116.1,31.6,725.1,201.0,91,73,55,10,29.83,12,8,4,2,0.5,402.0,2550.0699960202496,6.34345770154291
2019-08-23 13:00:00,114.3,31.3,702.6,194.7,90,72,55,14,29.8,13,8,4,2,0.5,389.4,2470.9408070663735,6.345507979112413
2019-08-23 13:30:00,113.5,31.1,691.4,190.4,93,68,44,14,29.8,13,8,4,2,0.5,380.8,2431.552055231555,6.385378296301353
2019-08-23 14:00:00,113.8,31.1,688.0,189.4,91,66,43,14,29.77,14,8,4,2,0.5,378.8,2419.594755567414,6.387525753873848
2019-08-23 14:30:00,115.4,31.1,709.1,192.7,93,66,41,15,29.77,14,8,4,2,0.5,385.4,2493.800350541938,6.47068072273466
2019-08-23 15:00:00,115.6,31.0,704.6,192.1,91,72,52,16,29.77,15,8,4,2,0.5,384.2,2477.974512751163,6.449699408514219
2019-08-23 15:30:00,115.7,31.2,704.3,194.8,90,72,55,15,29.77,15,8,4,2,0.5,389.6,2476.919456898444,6.357596141936457
2019-08-23 16:00:00,114.4,30.5,683.4,182.5,90,70,52,18,29.77,16,8,4,2,0.5,365.0,2403.4172324923993,6.584704746554519
2019-08-23 16:30:00,113.9,30.5,676.4,180.1,90,70,52,16,29.77,16,8,4,2,0.5,360.2,2378.7992625956376,6.604106781220538
2019-08-23 17:00:00,114.6,30.6,688.2,185.2,88,72,58,17,29.74,17,8,4,2,0.5,370.4,2420.2981261358927,6.534282197991072
2019-08-23 17:30:00,112.7,30.3,677.2,179.7,88,72,58,14,29.77,17,8,4,2,0.5,359.4,2381.6127448695534,6.626635350221351
2019-08-23 18:00:00,110.9,29.8,656.5,170.5,86,72,62,15,29.77,18,8,4,2,0.5,341.0,2308.813891031987,6.770715222967704
2019-08-23 18:30:00,111.1,30.0,651.1,172.6,86,72,62,15,29.8,18,8,4,2,0.5,345.2,2289.822885683057,6.633322380310131
2019-08-23 19:00:00,104.9,30.1,629.0,166.7,86,72,62,14,29.8,19,8,4,2,0.5,333.4,2212.1004378661387,6.6349743187346695
2019-08-23 22:00:00,91.8,31.2,511.1,115.8,82,73,74,12,29.86,22,8,4,2,0.5,231.6,1797.4634877478275,7.761068599947442
2019-08-23 23:00:00,93.7,31.4,516.5,113.7,82,75,79,10,29.86,23,8,4,2,0.5,227.4,1816.4544930967577,7.987926530768504
2019-08-23 23:30:00,93.0,31.2,501.4,111.4,82,75,79,12,29.86,23,8,4,2,0.5,222.8,1763.3500151766007,7.914497375119392
2019-08-24 00:00:00,89.5,31.2,484.6,113.6,82,75,79,9,29.86,0,8,5,2,0.5,227.2,1704.2668874243732,7.501174680565023
2019-08-24 00:30:00,84.5,30.9,458.3,113.2,82,75,79,8,29.86,0,8,5,2,0.5,226.4,1611.773657669398,7.119141597479674
2019-08-24 01:00:00,85.0,30.9,462.8,114.0,82,75,79,9,29.83,1,8,5,2,0.5,228.0,1627.599495460173,7.138594278334093
2019-08-24 01:30:00,85.2,31.0,460.7,114.5,82,75,79,10,29.83,1,8,5,2,0.5,229.0,1620.2141044911448,7.075170761970065
2019-08-24 02:00:00,84.7,30.9,454.0,113.3,82,75,79,10,29.83,2,8,5,2,0.5,226.6,1596.6511904471015,7.046121758372028
2019-08-24 02:30:00,84.9,30.8,454.8,111.5,82,75,79,10,29.83,2,8,5,2,0.5,223.0,1599.4646727210172,7.172487321618911
2019-08-24 03:00:00,86.2,30.8,458.5,112.0,81,75,84,8,29.8,3,8,5,2,0.5,224.0,1612.4770282378768,7.198558161776235
2019-08-24 03:30:00,88.8,30.9,464.8,113.8,81,75,84,9,29.8,3,8,5,2,0.5,227.6,1634.6332011449622,7.182043941761697
2019-08-24 04:00:00,88.7,30.8,462.0,114.0,81,73,79,10,29.8,4,8,5,2,0.5,228.0,1624.7860131862576,7.126254443799375
2019-08-24 04:30:00,89.1,30.9,465.0,114.0,81,75,84,9,29.8,4,8,5,2,0.5,228.0,1635.3365717134411,7.1725288233045665
2019-08-24 05:00:00,87.2,30.9,459.6,113.5,81,75,84,9,29.8,5,8,5,2,0.5,227.0,1616.345566364511,7.120465050063925
2019-08-24 05:30:00,84.8,30.8,451.0,111.8,81,75,84,9,29.83,5,8,5,2,0.5,223.6,1586.1006319199182,7.093473309123069
2019-08-24 06:00:00,84.7,30.8,451.1,111.8,82,75,79,8,29.83,6,8,5,2,0.5,223.6,1586.4523172041577,7.095046141342387
2019-08-24 06:30:00,84.4,30.9,450.6,111.4,82,75,79,9,29.83,6,8,5,2,0.5,222.8,1584.6938907829604,7.112629671377739
2019-08-24 07:00:00,87.9,31.1,476.2,113.9,82,75,79,8,29.83,7,8,5,2,0.5,227.8,1674.7253235482594,7.351735397490164
2019-08-24 07:30:00,104.3,32.3,576.3,127.3,82,75,79,8,29.83,7,8,5,2,0.5,254.6,2026.7622930719483,7.960574599654157
2019-08-24 08:00:00,103.3,32.7,582.1,131.6,84,77,79,9,29.86,8,8,5,2,0.5,263.2,2047.1600395578366,7.7779636761315984
2019-08-24 08:30:00,103.9,33.1,612.3,139.7,84,75,74,10,29.86,8,8,5,2,0.5,279.4,2153.36899539815,7.707118809585363
2019-08-24 09:00:00,107.2,33.2,623.0,143.5,84,75,74,10,29.86,9,8,5,2,0.5,287.0,2190.9993208117717,7.634143974953909
2019-08-24 09:30:00,108.1,33.5,622.6,144.0,84,75,74,10,29.86,9,8,5,2,0.5,288.0,2189.592579674814,7.60275201275977
2019-08-24 10:00:00,109.6,33.6,627.6,143.9,86,75,70,8,29.86,10,8,5,2,0.5,287.8,2207.176843886786,7.669134273407874
2019-08-24 10:30:00,104.4,33.5,609.4,142.3,86,73,66,9,29.86,10,8,5,2,0.5,284.6,2143.170122155206,7.5304642380717
2019-08-24 11:00:00,106.5,33.6,618.5,143.6,86,73,66,7,29.86,11,8,5,2,0.5,287.2,2175.173483020996,7.573723826674778
2019-08-24 11:30:00,110.2,33.8,625.7,143.8,88,73,62,7,29.86,11,8,5,2,0.5,287.6,2200.494823486237,7.65123373952099
2019-08-24 12:00:00,111.1,33.9,626.6,144.0,88,73,62,6,29.83,12,8,5,2,0.5,288.0,2203.659991044392,7.651597191126361
2019-08-24 12:30:00,111.3,34.0,625.0,144.2,88,73,62,9,29.83,12,8,5,2,0.5,288.4,2198.0330264965605,7.621473739585856
2019-08-24 13:00:00,110.3,33.8,624.7,144.0,90,70,52,8,29.8,13,8,5,2,0.5,288.0,2196.9779706438426,7.6283957314022315
2019-08-24 13:30:00,108.8,33.8,621.5,144.0,91,72,52,10,29.8,13,8,5,2,0.5,288.0,2185.7240415481797,7.589319588708957
2019-08-24 14:00:00,108.8,33.8,621.6,144.0,91,73,55,12,29.77,14,8,5,2,0.5,288.0,2186.075726832419,7.590540718168122
2019-08-24 14:30:00,108.2,32.3,667.7,185.8,90,73,59,12,29.77,14,8,5,2,0.5,371.6,2348.202642866806,6.319167499641566
2019-08-24 15:00:00,109.8,30.9,644.4,185.3,91,72,52,13,29.77,15,8,5,2,0.5,370.6,2266.2599716390137,6.11511055488131
2019-08-24 16:00:00,104.2,32.2,623.6,140.9,91,68,46,15,29.77,16,8,5,2,0.5,281.8,2193.1094325172085,7.782503309145523
2019-08-24 18:30:00,104.0,31.9,590.0,130.0,86,72,62,13,29.77,18,8,5,2,0.5,260.0,2074.943177012753,7.980550680818281
2019-08-24 19:00:00,101.1,31.7,571.9,125.8,84,73,70,14,29.8,19,8,5,2,0.5,251.6,2011.2881405654127,7.993991019735345
2019-08-25 00:30:00,83.0,29.4,425.8,99.0,82,75,79,7,29.83,0,8,6,2,0.5,198.0,1497.4759402915768,7.5630097994524075
2019-08-25 01:00:00,82.3,29.2,418.2,97.1,82,75,79,7,29.83,1,8,6,2,0.5,194.2,1470.7478586893785,7.573366934548808
2019-08-25 01:30:00,81.9,29.1,416.7,96.0,82,75,79,8,29.8,1,8,6,2,0.5,192.0,1465.4725794257868,7.632669684509306
2019-08-25 02:00:00,81.9,29.3,419.6,96.8,82,75,79,8,29.8,2,8,6,2,0.5,193.6,1475.671452668731,7.622269900148404
2019-08-25 02:30:00,82.0,29.5,425.4,99.0,82,75,79,8,29.8,2,8,6,2,0.5,198.0,1496.069199154619,7.555905046235449
2019-08-25 03:00:00,84.2,29.7,432.2,99.9,82,75,79,7,29.8,3,8,6,2,0.5,199.8,1519.9837984829014,7.60752651893344
2019-08-25 04:00:00,87.2,30.3,451.9,100.4,82,75,79,9,29.8,4,8,6,2,0.5,200.8,1589.2657994780732,7.914670316125862
2019-08-25 04:30:00,86.8,30.5,455.7,104.3,82,73,74,8,29.8,4,8,6,2,0.5,208.6,1602.6298402791722,7.68278926308328
2019-08-25 05:00:00,85.6,30.6,454.5,105.0,82,73,74,7,29.8,5,8,6,2,0.5,210.0,1598.4096168682988,7.611474366039518
2019-08-25 05:30:00,83.1,30.5,441.2,107.9,82,75,79,9,29.8,5,8,6,2,0.5,215.8,1551.635474064452,7.190155116146673
2019-08-25 06:00:00,82.9,30.3,440.7,105.4,82,75,79,8,29.8,6,8,6,2,0.5,210.8,1549.8770476432549,7.352357911021133
2019-08-25 06:30:00,83.0,30.2,444.2,105.0,82,75,79,7,29.8,6,8,6,2,0.5,210.0,1562.1860325916355,7.438981107579217
2019-08-25 07:00:00,86.4,30.3,464.2,105.3,82,75,79,8,29.83,7,8,6,2,0.5,210.6,1632.5230894395254,7.751771554793568
2019-08-25 08:30:00,95.0,32.1,562.7,124.5,84,75,74,8,29.86,8,8,6,2,0.5,249.0,1978.9330944153835,7.947522467531661
2019-08-25 09:00:00,97.2,32.4,577.7,129.7,84,75,74,8,29.86,9,8,6,2,0.5,259.4,2031.685887051301,7.832250913844646
2019-08-25 09:30:00,97.4,32.5,579.4,131.2,86,75,70,6,29.89,9,8,6,2,0.5,262.4,2037.6645368833715,7.765489850927484
2019-08-25 10:00:00,98.0,32.5,573.0,129.1,86,75,70,7,29.89,10,8,6,2,0.5,258.2,2015.1566786920466,7.8046346967159055
2019-08-25 10:30:00,100.5,33.1,609.0,141.2,86,75,70,6,29.86,10,8,6,2,0.5,282.4,2141.7633810182488,7.584147949781335
2019-08-25 11:00:00,99.6,33.0,595.8,137.7,88,75,66,7,29.86,11,8,6,2,0.5,275.4,2095.340923498641,7.6083548420429965
2019-08-25 11:30:00,98.8,32.9,588.8,134.4,88,75,66,9,29.83,11,8,6,2,0.5,268.8,2070.7229536018795,7.703582416673658
2019-08-25 12:00:00,99.1,32.9,590.9,135.7,88,75,66,9,29.83,12,8,6,2,0.5,271.4,2078.1083445709082,7.656994637328329
2019-08-25 12:30:00,99.7,32.6,589.9,132.8,90,73,59,9,29.8,12,8,6,2,0.5,265.6,2074.5914917285136,7.810961941748921
2019-08-25 13:00:00,99.4,32.5,587.7,132.6,88,75,66,7,29.8,13,8,6,2,0.5,265.2,2066.854415475246,7.793568685804095
2019-08-26 00:00:00,90.9,31.3,508.0,112.6,81,77,89,3,29.83,0,8,0,2,0.5,225.2,1786.5612439364045,7.933220443767338
2019-08-26 00:30:00,82.5,30.7,455.2,107.1,81,77,89,2,29.83,0,8,0,2,0.5,214.2,1600.8714138579749,7.4737227537720585
2019-08-26 01:00:00,83.3,30.7,457.6,109.0,81,77,89,1,29.83,1,8,0,2,0.5,218.0,1609.3118606797218,7.382164498530834
2019-08-26 01:30:00,83.4,30.6,456.5,105.9,81,77,89,2,29.83,1,8,0,2,0.5,211.8,1605.443322553088,7.579996801478224
2019-08-26 02:00:00,83.0,30.5,455.0,102.0,81,77,89,2,29.83,2,8,0,2,0.5,204.0,1600.1680432894962,7.843960996517138
2019-08-26 02:30:00,82.5,30.4,447.8,105.7,79,79,100,3,29.8,2,8,0,2,0.5,211.4,1574.8467028242558,7.4496059736246725
2019-08-26 03:00:00,83.9,30.3,447.6,104.4,79,77,94,2,29.8,3,8,0,2,0.5,208.8,1574.1433322557768,7.539000633408892
2019-08-26 04:00:00,86.5,30.4,458.2,101.9,79,77,94,1,29.8,4,8,0,2,0.5,203.8,1611.4219723851584,7.9068791579252125
2019-08-26 04:30:00,86.4,30.4,457.5,102.0,79,77,94,2,29.8,4,8,0,2,0.5,204.0,1608.9601753954823,7.887059683311188
2019-08-26 05:00:00,86.8,30.3,456.4,101.1,79,77,94,2,29.8,5,8,0,2,0.5,202.2,1605.0916372688482,7.938138661072444
2019-08-26 07:30:00,126.7,30.5,759.1,198.5,82,77,84,7,29.83,7,8,0,2,0.5,397.0,2669.642992661663,6.72454154322837
2019-08-26 08:00:00,121.3,30.4,708.4,188.3,82,79,89,7,29.86,8,8,0,2,0.5,376.6,2491.3385535522616,6.615344008370317
2019-08-26 08:30:00,115.0,30.2,677.4,181.1,82,77,84,9,29.86,8,8,0,2,0.5,362.2,2382.3161154380323,6.5773498493595595
2019-08-26 09:00:00,114.0,30.5,689.6,185.0,84,77,79,7,29.86,9,8,0,2,0.5,370.0,2425.2217201152453,6.554653297608771
2019-08-26 09:30:00,114.7,31.2,706.3,195.0,86,77,74,8,29.86,9,8,0,2,0.5,390.0,2483.953162583233,6.369110673290341
2019-08-26 10:00:00,115.6,31.4,717.2,200.2,86,77,74,10,29.86,10,8,0,2,0.5,400.4,2522.286858565333,6.299417728684649
2019-08-26 10:30:00,116.2,31.4,716.7,200.1,88,77,70,13,29.83,10,8,0,2,0.5,400.2,2520.528432144136,6.298171994363158
2019-08-26 11:00:00,116.0,31.3,712.5,198.5,88,75,66,12,29.83,11,8,0,2,0.5,397.0,2505.7576502060792,6.311732116388109
2019-08-26 11:30:00,116.6,31.4,716.5,199.8,88,75,66,9,29.83,11,8,0,2,0.5,399.6,2519.825061575657,6.305868522461604
2019-08-26 12:00:00,116.2,31.0,703.1,193.7,90,75,62,9,29.8,12,8,0,2,0.5,387.4,2472.699233487571,6.382806488093885
2019-08-26 12:30:00,114.5,30.6,676.1,184.1,90,73,59,9,29.8,12,8,0,2,0.5,368.2,2377.7442067429192,6.457751783658119
2019-08-26 13:00:00,115.4,30.8,687.8,187.3,91,73,55,10,29.77,13,8,0,2,0.5,374.6,2418.891384998935,6.4572647757579675
2019-08-26 13:30:00,117.9,31.8,725.8,206.0,90,75,62,10,29.77,13,8,0,2,0.5,412.0,2552.531793009926,6.195465517014383
2019-08-26 14:00:00,118.5,31.7,727.3,206.1,91,75,59,10,29.74,14,8,0,2,0.5,412.2,2557.8070722735174,6.2052573320560835
2019-08-26 14:30:00,118.4,32.4,728.2,212.9,90,75,62,10,29.74,14,8,0,2,0.5,425.8,2560.9722398316726,6.0144956313566755
2019-08-26 15:00:00,117.7,32.8,736.4,219.0,90,77,66,12,29.74,15,8,0,2,0.5,438.0,2589.8104331393074,5.912809208080611
2019-08-26 15:30:00,116.7,32.1,717.1,208.6,90,77,66,14,29.71,15,8,0,2,0.5,417.2,2521.9351732810937,6.044906934997828
2019-08-26 16:00:00,116.1,31.7,710.7,202.6,88,77,70,12,29.71,16,8,0,2,0.5,405.2,2499.4273150897693,6.168379356095186
2019-08-26 16:30:00,114.9,30.6,705.3,189.0,88,75,66,10,29.71,16,8,0,2,0.5,378.0,2480.4363097408386,6.562000819420208
2019-08-26 17:00:00,111.8,30.5,673.1,182.7,82,72,70,10,29.74,17,8,0,2,0.5,365.4,2367.193648215736,6.478362474591506
2019-08-26 17:30:00,111.5,31.0,688.0,190.2,79,72,78,8,29.77,17,8,0,2,0.5,380.4,2419.594755567414,6.360659189188786
2019-08-26 18:00:00,109.6,31.1,675.3,188.7,77,73,89,5,29.8,18,8,0,2,0.5,377.4,2374.9307244690035,6.292874203680455
2019-08-26 18:30:00,105.0,30.7,650.3,181.4,77,73,89,3,29.8,18,8,0,2,0.5,362.8,2287.009403409141,6.303774540819022
2019-08-26 19:00:00,85.3,30.3,553.7,127.4,77,73,89,2,29.8,19,8,0,2,0.5,254.8,1947.2814188338332,7.642391753664965
2019-08-26 20:00:00,85.6,29.9,469.0,104.1,77,73,89,8,29.83,20,8,0,2,0.5,208.2,1649.403983083019,7.922209332771466
2019-08-26 21:00:00,88.7,30.1,467.1,104.2,77,73,89,7,29.83,21,8,0,2,0.5,208.4,1642.7219626824697,7.882543007113578
2019-08-26 21:30:00,88.8,30.3,477.6,105.0,79,73,83,3,29.83,21,8,0,2,0.5,210.0,1679.6489175276117,7.998328178702913
2019-08-26 23:00:00,89.4,30.1,460.2,104.3,79,73,83,3,29.86,23,8,0,2,0.5,208.6,1618.4556780699475,7.758656174831963
2019-08-26 23:30:00,89.7,30.0,457.5,102.4,79,73,83,2,29.86,23,8,0,2,0.5,204.8,1608.9601753954823,7.856250856423253
2019-08-27 00:00:00,85.5,29.8,439.5,99.7,79,73,83,2,29.83,0,8,1,2,0.5,199.4,1545.6568242323815,7.751538737374029
2019-08-27 00:30:00,81.7,29.2,404.6,91.7,79,75,89,2,29.83,0,8,1,2,0.5,183.4,1422.9186600328135,7.758553217190913
2019-08-27 01:00:00,81.3,29.1,400.0,91.0,79,75,89,2,29.8,1,8,1,2,0.5,182.0,1406.7411369577987,7.729346906361531
2019-08-27 01:30:00,80.4,29.0,396.9,90.0,79,75,89,3,29.8,1,8,1,2,0.5,180.0,1395.8388931463758,7.7546605174798655
2019-08-27 02:00:00,80.4,29.1,398.8,90.1,79,77,94,2,29.8,2,8,1,2,0.5,180.2,1402.5209135469254,7.783134925343648
2019-08-27 02:30:00,81.2,29.3,401.2,91.5,79,75,89,1,29.77,2,8,1,2,0.5,183.0,1410.961360368672,7.71017136813482
2019-08-27 03:00:00,82.7,29.5,415.2,94.7,79,75,89,1,29.77,3,8,1,2,0.5,189.4,1460.197300162195,7.70959503781518
2019-08-27 03:30:00,86.6,29.9,436.7,99.8,79,75,89,1,29.77,3,8,1,2,0.5,199.6,1535.8096362736767,7.694437055479343
2019-08-27 04:00:00,86.5,29.8,428.0,98.4,79,75,89,2,29.77,4,8,1,2,0.5,196.8,1505.2130165448448,7.648440124719739
2019-08-27 04:30:00,85.5,29.6,418.1,95.8,79,73,83,2,29.77,4,8,1,2,0.5,191.6,1470.3961734051393,7.6743015313420635
2019-08-27 05:00:00,86.6,29.9,443.7,99.0,79,77,94,3,29.8,5,8,1,2,0.5,198.0,1560.4276061704381,7.880947505911304
2019-08-27 05:30:00,85.4,30.6,466.9,110.0,79,77,94,3,29.8,5,8,1,2,0.5,220.0,1642.0185921139905,7.4637208732454114
2019-08-27 06:00:00,85.8,30.6,450.6,107.8,79,77,94,2,29.8,6,8,1,2,0.5,215.6,1584.6938907829604,7.350157192870874
2019-08-27 06:30:00,87.2,30.5,445.3,104.6,79,77,94,3,29.8,6,8,1,2,0.5,209.2,1566.0545707182696,7.485920510125572
2019-08-27 07:30:00,112.2,31.2,698.6,190.6,81,77,89,2,29.83,7,8,1,2,0.5,381.2,2456.873395696796,6.445103346528845
2019-08-27 08:00:00,98.5,30.9,588.8,148.6,81,77,89,3,29.83,8,8,1,2,0.5,297.2,2070.7229536018795,6.9674392786065935
2019-08-27 08:30:00,111.2,31.2,728.1,197.6,81,77,89,2,29.86,8,8,1,2,0.5,395.2,2560.620554547433,6.479303022640266
2019-08-27 09:00:00,89.6,31.1,573.2,134.6,81,77,89,3,29.86,9,8,1,2,0.5,269.2,2015.8600492605258,7.488335992795416
2019-08-27 09:30:00,112.8,31.2,744.9,201.9,82,77,84,5,29.86,9,8,1,2,0.5,403.8,2619.7036822996606,6.487626751608867
2019-08-27 10:00:00,111.2,30.9,679.0,187.2,82,77,84,2,29.86,10,8,1,2,0.5,374.4,2387.9430799858633,6.37805309825284
2019-08-27 11:00:00,75.2,25.8,55.1,18.0,82,75,79,7,29.86,11,8,1,2,1.0,36.0,193.7785916159368,5.382738655998244
2019-08-27 11:30:00,79.7,28.6,448.6,102.0,79,75,89,6,29.86,11,8,1,2,0.5,204.0,1577.6601850981715,7.73362835832437
2019-08-27 12:00:00,114.9,30.4,686.0,173.4,81,77,89,6,29.83,12,8,1,2,0.5,346.8,2412.561049882625,6.956635091933751
2019-08-27 12:30:00,112.3,30.1,672.3,176.1,81,75,84,8,29.83,12,8,1,2,0.5,352.2,2364.38016594182,6.713174803923396
2019-08-27 13:00:00,110.4,29.9,656.3,172.9,82,75,79,8,29.8,13,8,1,2,0.5,345.8,2308.1105204635082,6.674697861375096
2019-08-27 13:30:00,111.2,29.9,638.2,167.7,86,73,66,5,29.77,13,8,1,2,0.5,335.4,2244.455484016168,6.691876815790603
2019-08-27 14:00:00,113.2,30.0,632.6,165.3,84,73,70,9,29.77,14,8,1,2,0.5,330.6,2224.761108098759,6.7294649367778545
2019-08-27 14:30:00,103.6,29.7,588.2,138.6,84,75,74,9,29.77,14,8,1,2,0.5,277.2,2068.612841896443,7.4625282896697085
2019-08-27 15:00:00,101.6,30.7,638.0,151.6,84,75,74,9,29.74,15,8,1,2,0.5,303.2,2243.752113447689,7.400237841186311
2019-08-27 15:30:00,117.9,30.2,675.3,168.7,82,73,74,8,29.74,15,8,1,2,0.5,337.4,2374.9307244690035,7.038917381354486
2019-08-27 16:00:00,95.2,30.7,585.5,134.5,84,72,66,5,29.74,16,8,1,2,0.5,269.0,2059.117339221978,7.654711298222966
2019-08-27 16:30:00,119.5,31.0,753.7,200.2,82,73,74,6,29.74,16,8,1,2,0.5,400.4,2650.6519873127327,6.620009958323508
2019-08-27 17:30:00,118.8,30.9,729.1,191.4,82,75,79,8,29.74,17,8,1,2,0.5,382.8,2564.137407389828,6.698373582523061
2019-08-27 18:00:00,115.6,30.6,654.3,174.2,81,75,84,7,29.74,18,8,1,2,0.5,348.4,2301.0768147787194,6.604698090639264
2019-08-27 18:30:00,112.9,30.6,645.2,173.0,81,75,84,6,29.77,18,8,1,2,0.5,346.0,2269.0734539129294,6.558015762754131
2019-08-27 19:00:00,81.6,31.7,551.3,124.1,81,75,84,6,29.77,19,8,1,2,0.5,248.2,1938.840972012086,7.811607461773111
2019-08-27 19:30:00,90.4,30.3,552.8,144.2,81,75,84,1,29.8,19,8,1,2,0.5,288.4,1944.1162512756778,6.741041093188897
2019-08-28 07:30:00,113.7,29.6,658.9,169.2,79,75,89,2,29.83,7,8,2,2,0.5,338.4,2317.254337853734,6.8476783033502775
2019-08-28 09:30:00,97.5,29.8,538.2,124.3,81,72,74,5,29.86,9,8,2,2,0.5,248.6,1892.7701997767183,7.613717617766365
2019-08-28 10:00:00,97.7,29.1,614.3,149.8,81,72,74,3,29.86,10,8,2,2,0.5,299.6,2160.402701082939,7.210956946204736
2019-08-28 17:00:00,107.6,31.9,578.7,143.4,82,75,79,6,29.77,17,8,2,2,0.5,286.8,2035.2027398936955,7.096243862948729
2019-08-28 17:30:00,113.8,31.3,724.1,193.4,82,75,79,6,29.8,17,8,2,2,0.5,386.8,2546.5531431778554,6.5836430795704635
2019-08-28 18:30:00,109.2,31.1,666.8,181.5,82,75,79,6,29.8,18,8,2,2,0.5,363.0,2345.0374753086503,6.4601583341836095
2019-08-28 21:30:00,93.7,31.6,498.4,116.5,81,75,84,9,29.83,21,8,2,2,0.5,233.0,1752.7994566494172,7.52274444913913
2019-08-28 22:00:00,94.6,31.6,501.9,114.8,81,75,84,9,29.83,22,8,2,2,0.5,229.6,1765.108441597798,7.687754536575776
2019-08-28 22:30:00,95.7,31.4,493.5,113.1,81,75,84,9,29.86,22,8,2,2,0.5,226.2,1735.5668777216842,7.6727094505821585
2019-08-28 23:00:00,94.8,31.4,485.5,114.4,81,75,84,8,29.86,23,8,2,2,0.5,228.8,1707.4320549825281,7.4625526878607
2019-08-28 23:30:00,95.1,31.1,478.7,111.6,81,75,84,8,29.86,23,8,2,2,0.5,223.2,1683.5174556542456,7.542640930350563
2019-08-29 00:00:00,91.3,30.7,451.7,105.7,81,75,84,8,29.86,0,8,3,2,0.5,211.4,1588.5624289095942,7.514486418683038
2019-08-29 00:30:00,86.9,30.7,431.9,102.2,81,75,84,7,29.86,0,8,3,2,0.5,204.4,1518.928742630183,7.431158232045905
2019-08-29 01:00:00,86.9,30.9,439.5,105.0,81,75,84,5,29.83,1,8,3,2,0.5,210.0,1545.6568242323815,7.360270591582769
2019-08-29 01:30:00,87.3,30.8,437.5,105.0,81,75,84,3,29.86,1,8,3,2,0.5,210.0,1538.6231185475924,7.326776754988535
2019-08-29 02:00:00,86.7,30.8,430.7,104.3,81,75,84,6,29.83,2,8,3,2,0.5,208.6,1514.70851921931,7.261306420035043
2019-08-29 02:30:00,86.9,30.8,435.2,104.5,81,75,84,3,29.83,2,8,3,2,0.5,209.0,1530.534357010085,7.323130894785096
2019-08-29 03:00:00,89.2,31.0,443.9,106.6,81,75,84,7,29.8,3,8,3,2,0.5,213.2,1561.130976738917,7.322377939675972
2019-08-29 03:30:00,91.3,30.9,447.6,106.8,81,75,84,5,29.8,3,8,3,2,0.5,213.6,1574.1433322557768,7.369584888837907
2019-08-29 04:00:00,89.7,29.6,409.9,94.2,81,77,89,5,29.8,4,8,3,2,0.5,188.4,1441.5579800975042,7.651581635337071
2019-08-29 04:30:00,88.1,29.0,395.1,88.8,81,77,89,3,29.8,4,8,3,2,0.5,177.6,1389.5085580300658,7.823809448367488
2019-08-29 05:00:00,88.4,29.1,397.3,89.9,81,77,89,3,29.8,5,8,3,2,0.5,179.8,1397.2456342833336,7.771110313033001
2019-08-29 05:30:00,89.8,29.8,428.3,96.5,81,75,84,5,29.8,5,8,3,2,0.5,193.0,1506.2680723975632,7.804497784443332
2019-08-29 06:00:00,90.3,30.4,440.5,102.6,81,77,89,6,29.8,6,8,3,2,0.5,205.2,1549.173677074776,7.549579322976491
2019-08-29 06:30:00,90.0,30.8,448.5,106.1,81,75,84,7,29.8,6,8,3,2,0.5,212.2,1577.3084998139318,7.433122053788558
2019-08-29 07:00:00,94.3,31.2,502.9,112.8,81,77,89,9,29.8,7,8,3,2,0.5,225.6,1768.6252944401924,7.839651127837732
2019-08-29 07:30:00,117.4,31.2,661.2,183.7,82,77,84,10,29.83,7,8,3,2,0.5,367.4,2325.3430993912416,6.3291864436343
2019-08-29 08:00:00,118.1,31.1,649.3,175.2,82,75,79,9,29.83,8,8,3,2,0.5,350.4,2283.4925505667466,6.516816639745282
2019-08-29 08:30:00,113.6,31.1,654.1,177.5,84,75,74,10,29.83,8,8,3,2,0.5,355.0,2300.3734442102405,6.479925194958424
2019-08-29 09:00:00,101.9,31.1,593.9,154.4,84,75,74,10,29.86,9,8,3,2,0.5,308.8,2088.6589030980917,6.763791784644079
2019-08-29 09:30:00,96.9,32.5,656.9,172.2,84,75,74,9,29.83,9,8,3,2,0.5,344.4,2310.220632168945,6.707957700838981
2019-08-29 10:00:00,113.8,31.9,672.5,189.7,86,75,70,10,29.86,10,8,3,2,0.5,379.4,2365.0835365102994,6.233746801555877
2019-08-29 10:30:00,113.6,31.8,675.2,188.6,88,75,66,9,29.83,10,8,3,2,0.5,377.2,2374.5790391847645,6.295278470797361
2019-08-29 11:00:00,113.6,31.7,660.7,185.4,88,73,62,10,29.83,11,8,3,2,0.5,370.8,2323.5846729700443,6.26640958190411
2019-08-29 11:30:00,113.9,32.0,681.1,191.3,88,73,62,13,29.83,11,8,3,2,0.5,382.6,2395.328470954892,6.2606598822657915
2019-08-29 12:00:00,113.1,32.1,671.9,191.7,90,75,62,13,29.8,12,8,3,2,0.5,383.4,2362.9734248048626,6.163206637467039
2019-08-29 12:30:00,114.0,32.4,685.8,197.1,90,73,59,14,29.8,12,8,3,2,0.5,394.2,2411.857679314146,6.118360424439741
2019-08-29 13:00:00,114.4,32.1,677.9,193.0,88,73,62,10,29.77,13,8,3,2,0.5,386.0,2384.074541859229,6.176358916733754
2019-08-29 13:30:00,113.8,32.2,704.1,202.1,90,75,62,10,29.77,13,8,3,2,0.5,404.2,2476.2160863299655,6.126214958757956
2019-08-29 14:00:00,113.6,31.3,676.5,186.1,90,75,62,12,29.74,14,8,3,2,0.5,372.2,2379.150947879877,6.392130434927128
2019-08-29 14:30:00,115.7,31.7,690.8,190.3,90,75,62,13,29.74,14,8,3,2,0.5,380.6,2429.4419435261184,6.383189552091745
2019-08-29 15:00:00,116.2,31.9,713.3,196.4,90,75,62,13,29.71,15,8,3,2,0.5,392.8,2508.5711324799945,6.386382720162919
2019-08-29 15:30:00,116.3,31.8,702.9,193.5,88,75,66,7,29.71,15,8,3,2,0.5,387.0,2471.995862919092,6.387586209093261
2019-08-29 16:00:00,116.3,31.5,699.1,188.4,86,77,74,15,29.71,16,8,3,2,0.5,376.8,2458.6318221179927,6.525031375047751
2019-08-29 16:30:00,115.9,31.0,676.7,179.6,86,77,74,14,29.71,16,8,3,2,0.5,359.2,2379.854318448356,6.625429617061125
2019-08-29 17:00:00,115.3,30.8,675.2,178.4,86,77,74,14,29.71,17,8,3,2,0.5,356.8,2374.5790391847645,6.655210311616492
2019-08-29 17:30:00,114.4,30.6,657.7,172.8,86,77,74,14,29.71,17,8,3,2,0.5,345.6,2313.0341144428608,6.6928070441055
2019-08-29 18:00:00,111.9,31.3,645.4,176.5,86,77,74,14,29.74,18,8,3,2,0.5,353.0,2269.7768244814083,6.429962675584726
2019-08-29 18:30:00,90.4,31.7,593.4,137.2,84,75,74,12,29.74,18,8,3,2,0.5,274.4,2086.9004766768944,7.605322436869149
2019-08-29 19:00:00,108.3,32.1,698.7,192.7,84,77,79,10,29.74,19,8,3,2,0.5,385.4,2457.2250809810353,6.375778622161483
2019-08-30 00:30:00,88.2,31.1,448.2,107.4,82,77,84,9,29.8,0,8,4,2,0.5,214.8,1576.2534439612134,7.33823763482874
2019-08-30 01:00:00,87.8,31.0,448.4,106.2,82,77,84,8,29.8,1,8,4,2,0.5,212.4,1576.9568145296923,7.424467111721715
2019-08-30 01:30:00,87.3,30.9,446.6,105.0,82,77,84,5,29.8,1,8,4,2,0.5,210.0,1570.6264794133824,7.479173711492297
2019-08-30 02:00:00,87.6,31.0,447.4,105.1,82,77,84,5,29.77,2,8,4,2,0.5,210.2,1573.439961687298,7.485442253507602
2019-08-30 02:30:00,87.3,31.0,444.2,105.1,82,77,84,6,29.77,2,8,4,2,0.5,210.2,1562.1860325916355,7.4319031046224335
2019-08-30 03:00:00,89.4,31.2,455.5,106.4,82,77,84,9,29.74,3,8,4,2,0.5,212.8,1601.9264697106933,7.527849951647994
2019-08-30 03:30:00,92.2,31.4,471.1,103.8,82,77,84,10,29.74,3,8,4,2,0.5,207.6,1656.7893740520476,7.980680992543582
2019-08-30 04:30:00,91.8,31.3,459.3,104.4,82,77,84,8,29.77,4,8,4,2,0.5,208.8,1615.2905105117925,7.7360656633706535
2019-08-30 05:00:00,91.7,31.3,458.1,102.7,81,77,89,3,29.77,5,8,4,2,0.5,205.4,1611.0702871009191,7.843574912857444
2019-08-30 06:30:00,92.9,32.0,492.6,109.3,82,75,79,7,29.77,6,8,4,2,0.5,218.6,1732.4017101635293,7.924984950427856
2019-08-30 07:30:00,119.6,31.0,700.1,183.2,82,73,74,5,29.83,7,8,4,2,0.5,366.4,2462.1486749603873,6.71983808668228
2019-08-30 08:00:00,114.4,30.2,643.7,165.1,81,75,84,5,29.83,8,8,4,2,0.5,330.2,2263.798174649338,6.8558394144437855
2019-08-30 08:30:00,110.4,30.7,651.5,172.1,84,77,79,3,29.83,8,8,4,2,0.5,344.2,2291.229626820015,6.6566810773388
2019-08-30 09:00:00,108.3,30.9,650.6,175.8,84,77,79,9,29.83,9,8,4,2,0.5,351.6,2288.0644592618596,6.50757809801439
2019-08-30 09:30:00,110.4,30.8,635.8,171.0,84,75,74,15,29.83,9,8,4,2,0.5,342.0,2236.015037194421,6.538055664311172
2019-08-30 10:00:00,86.7,31.6,561.2,125.5,84,75,74,16,29.83,10,8,4,2,0.5,251.0,1973.6578151517917,7.863178546421481
2019-08-30 10:30:00,116.3,31.3,729.1,191.2,86,75,70,15,29.8,10,8,4,2,0.5,382.4,2564.137407389828,6.7053802494503865
2019-08-30 11:00:00,114.1,30.7,659.9,174.4,86,73,66,14,29.8,11,8,4,2,0.5,348.8,2320.7711906961285,6.653587129289359
2019-08-30 11:30:00,113.1,30.8,652.6,174.9,86,75,70,14,29.8,11,8,4,2,0.5,349.8,2295.098164946649,6.561172569887503
2019-08-30 12:00:00,113.6,30.9,642.7,173.8,86,73,66,14,29.77,12,8,4,2,0.5,347.6,2260.281321806943,6.502535448236315
2019-08-30 12:30:00,113.0,30.8,648.9,174.0,86,70,58,13,29.77,12,8,4,2,0.5,348.0,2282.085809429789,6.5577178431890495
2019-08-30 13:00:00,90.7,31.6,596.2,141.2,88,72,58,15,29.77,13,8,4,2,0.5,282.4,2096.747664635599,7.424743854941924
2019-08-30 13:30:00,114.5,31.4,692.7,189.2,88,70,55,15,29.74,13,8,4,2,0.5,378.4,2436.1239639266682,6.437959735535593
2019-08-30 14:00:00,94.4,30.9,579.9,134.0,88,72,58,14,29.71,14,8,4,2,0.5,268.0,2039.4229633045686,7.609787176509585
2019-08-30 14:30:00,102.5,31.7,683.6,159.8,88,72,58,12,29.71,14,8,4,2,0.5,319.6,2404.1206030608782,7.522279734233035
2019-08-30 15:00:00,114.9,30.9,665.3,178.6,88,70,55,10,29.71,15,8,4,2,0.5,357.2,2339.7621960450588,6.550286103149661
2019-08-30 15:30:00,89.2,31.2,576.3,127.1,88,72,58,10,29.71,15,8,4,2,0.5,254.2,2026.7622930719483,7.973101074240552
2019-08-30 16:00:00,110.0,31.5,682.1,184.6,88,73,62,8,29.68,16,8,4,2,0.5,369.2,2398.8453237972863,6.4974142031345785
2019-08-30 16:30:00,114.3,30.8,639.2,172.2,86,72,62,7,29.68,16,8,4,2,0.5,344.4,2247.972336858563,6.5272135216566864
2019-08-30 17:00:00,114.2,30.6,636.3,168.4,86,73,66,9,29.68,17,8,4,2,0.5,336.8,2237.7734636156183,6.644220497671076
2019-08-30 17:30:00,113.6,30.6,636.3,169.4,86,73,66,9,29.68,17,8,4,2,0.5,338.8,2237.7734636156183,6.604998416811152
2019-08-30 18:00:00,98.6,30.5,582.0,138.0,86,72,62,12,29.71,18,8,4,2,0.5,276.0,2046.8083542735972,7.415972298092743
2019-08-30 18:30:00,90.7,31.9,611.8,136.6,84,72,66,12,29.71,18,8,4,2,0.5,273.2,2151.610568976953,7.875587734176255
2019-08-30 19:00:00,102.2,30.4,643.9,170.5,84,72,66,13,29.71,19,8,4,2,0.5,341.0,2264.5015452178163,6.640766994773655
2019-08-31 05:30:00,84.9,30.0,407.3,92.8,82,75,79,8,29.74,5,8,5,2,0.5,185.6,1432.4141627072786,7.717748721483182
2019-08-31 06:00:00,85.2,30.2,416.9,94.9,82,75,79,8,29.74,6,8,5,2,0.5,189.8,1466.1759499942657,7.724846944121526
2019-08-31 06:30:00,85.5,30.3,420.1,96.0,82,75,79,8,29.74,6,8,5,2,0.5,192.0,1477.4298790899281,7.694947286926709
2019-08-31 07:00:00,86.4,30.3,424.8,96.4,81,75,84,6,29.74,7,8,5,2,0.5,192.8,1493.9590874491823,7.748750453574597
2019-08-31 07:30:00,101.8,32.3,590.6,133.0,82,75,79,9,29.77,7,8,5,2,0.5,266.0,2077.05328871819,7.808471010218759
2019-08-31 08:00:00,97.0,31.9,545.3,120.1,82,75,79,8,29.77,8,8,5,2,0.5,240.2,1917.739854957719,7.983929454445125
2019-08-31 08:30:00,99.1,32.4,582.7,131.1,82,75,79,8,29.8,8,8,5,2,0.5,262.2,2049.2701512632734,7.815675634108595
2019-08-31 09:00:00,100.5,32.4,579.9,131.6,82,75,79,9,29.8,9,8,5,2,0.5,263.2,2039.4229633045686,7.748567489759
2019-08-31 11:00:00,96.7,32.0,556.4,122.7,88,72,58,14,29.8,11,8,5,2,0.5,245.4,1956.776921508298,7.973826086015884
2019-08-31 11:30:00,98.7,32.1,571.1,127.4,90,73,59,13,29.8,11,8,5,2,0.5,254.8,2008.4746582914972,7.882553603969769
2019-08-31 12:00:00,98.2,32.0,563.5,126.0,88,72,58,13,29.77,12,8,5,2,0.5,252.0,1981.746576689299,7.864073717021028
2020-06-01 00:00:00,79.9,30.6,389.0,99.1,81,75,84,1,29.89,0,6,0,2,0.5,198.2,1368.0557556914594,6.9024003818943465
2020-06-01 00:30:00,80.3,30.6,389.1,98.8,81,75,84,2,29.86,0,6,0,2,0.5,197.6,1368.4074409756988,6.925138871334508
2020-06-01 01:00:00,79.0,30.4,380.5,97.2,81,75,84,1,29.86,1,6,0,2,0.5,194.4,1338.1625065311061,6.883551988328735
2020-06-01 01:30:00,79.1,30.4,377.1,96.1,81,75,84,2,29.86,1,6,0,2,0.5,192.2,1326.2052068669648,6.9001311491517425
2020-06-01 02:00:00,78.6,30.1,371.5,94.0,81,75,84,2,29.83,2,6,0,2,0.5,188.0,1306.5108309495556,6.9495256965401895
2020-06-01 02:30:00,77.7,30.0,365.4,92.9,81,75,84,3,29.83,2,6,0,2,0.5,185.8,1285.0580286109491,6.916351068950211
2020-06-01 03:00:00,77.9,29.8,361.0,90.8,81,75,84,2,29.83,3,6,0,2,0.5,181.6,1269.5838761044133,6.991100639341483
2020-06-01 03:30:00,77.1,29.6,354.8,88.0,81,75,84,2,29.83,3,6,0,2,0.5,176.0,1247.7793884815676,7.089655616372543
2020-06-01 04:00:00,76.8,29.5,354.4,87.3,81,75,84,2,29.83,4,6,0,2,0.5,174.6,1246.3726473446097,7.138445861080239
2020-06-01 04:30:00,77.6,29.6,356.4,88.9,81,75,84,2,29.83,4,6,0,2,0.5,177.8,1253.4063530293986,7.049529544597292
2020-06-01 05:00:00,82.4,29.8,389.7,93.8,81,75,84,2,29.83,5,6,0,2,0.5,187.6,1370.5175526811354,7.305530664611596
2020-06-01 05:30:00,88.1,30.4,416.4,102.6,81,75,84,2,29.8,5,6,0,2,0.5,205.2,1464.4175235730684,7.136537639244973
2020-06-01 06:00:00,86.5,30.1,398.4,98.1,79,75,89,2,29.83,6,6,0,2,0.5,196.2,1401.1141724099675,7.141254701375981
2020-06-01 06:30:00,88.8,30.4,419.3,101.8,79,75,89,1,29.83,6,6,0,2,0.5,203.6,1474.6163968160126,7.242713147426389
2020-06-01 07:00:00,99.1,31.4,524.3,118.7,81,75,84,1,29.86,7,6,0,2,0.5,237.4,1843.8859452674346,7.767000611910002
2020-06-01 07:30:00,112.8,33.0,605.9,138.4,82,75,79,1,29.86,7,6,0,2,0.5,276.8,2130.861137206826,7.69819775002466
2020-06-01 08:00:00,110.9,33.1,589.4,134.7,84,77,79,1,29.86,8,6,0,2,0.5,269.4,2072.8330653073162,7.694257851920254
2020-06-01 08:30:00,109.4,33.3,588.6,135.4,82,77,84,6,29.86,8,6,0,2,0.5,270.8,2070.019583033401,7.644090040743726
2020-06-01 09:00:00,109.7,33.8,595.0,136.9,84,77,79,5,29.89,9,6,0,2,0.5,273.8,2092.527441224726,7.642539960645456
2020-06-01 09:30:00,111.2,34.5,609.4,144.0,84,75,74,6,29.89,9,6,0,2,0.5,288.0,2143.170122155206,7.441562924150022
2020-06-01 10:00:00,111.7,34.3,613.6,144.0,84,75,74,7,29.89,10,6,0,2,0.5,288.0,2157.9409040932633,7.492850361434942
2020-06-01 10:30:00,110.4,33.8,612.7,143.4,84,75,74,6,29.89,10,6,0,2,0.5,286.8,2154.7757365351085,7.5131650506802945
2020-06-01 11:00:00,108.6,33.4,579.9,132.8,84,75,74,5,29.89,11,6,0,2,0.5,265.6,2039.4229633045686,7.678550313646719
2020-06-01 11:30:00,108.9,33.2,567.3,128.6,84,75,74,6,29.89,11,6,0,2,0.5,257.2,1995.110617490398,7.757039725856913
2020-06-01 12:00:00,108.7,33.0,561.7,125.7,82,75,79,6,29.89,12,6,0,2,0.5,251.4,1975.416241572989,7.857662058762884
2020-06-01 12:30:00,108.8,33.2,566.0,127.3,82,77,84,3,29.86,12,6,0,2,0.5,254.6,1990.5387087952852,7.818298149235213
2020-06-01 13:00:00,108.7,33.3,569.7,129.0,82,75,79,5,29.86,13,6,0,2,0.5,258.0,2003.551064312145,7.765701799659476
